"Name","Hash"
"1.AP Credit Memo_ใบลดหนี้.rpt","ADEF77FAF062D8495E9CACC59266A9FAEE9FABCD15943D385A8CD5018DB596C4"
"1.AP Down Payment_ENG ใบจ่ายเงินมัดจำ.rpt","31BCD874D9E92BFC7953F4660480D5A08E822BF9703E13FA60F3C74B764CC3C2"
"1.AP Down Payment_ใบจ่ายเงินมัดจำ.rpt","7646805ADB9FA3F972B12CE12137AEC76123E4A5BFCFF54E47E8BB85E604FDB7"
"1.AP Invoice_ใบแจ้งหนี้_(Batch_Serial).rpt","9FF94037AE15D2861925F91A82EC9A61E5C955AC54F5C1D3CC919C003DECE815"
"1.AR Down Payment_BOM ใบเสร็จรับเงินมัดจำ.rpt","264909F0A7EF2D0F20BAD563732AFDE5411907C2471E786EEE86C60B94956429"
"1.AR Down Payment_BOM_ENG ใบเสร็จรับเงินมัดจำ.rpt","DE663782B9B47977188CC6760E9881D7C4333A355441C9187CEFEA4FD5752A17"
"1.AR Down Payment_Dis ใบเสร็จรับเงินมัดจำ.rpt","3ED40641E5FB3D9C36C7561FC6E346206E2CC319957710B6BCB46ABD7BC6CF9C"
"1.AR Down Payment_Dis_ENG ใบเสร็จรับเงินมัดจำ.rpt","1AA2D8AB23FCC53F5500F88626A239622F41D2C80739D6559ED53B91E56964A1"
"1.AR Invoice_ENG ใบแจ้งหนี้_(Bom).rpt","EB1768B15C58FD29F7501F34E4B1650CB4AEAFF4F3E48DD3F4889CAA9EE14A56"
"1.AR Invoice_ENG ใบแจ้งหนี้_(Dis).rpt","3FC4345E46FDA943065AA90C42A291BF465DA2484E89FC458D96F105F85202EA"
"1.AR Invoice_ใบแจ้งหนี้_(Bom).rpt","DC5B1560E784A5821A1E5A38D783F0B05BD5C69EA920DE82E96745758C947683"
"1.AR Invoice_ใบแจ้งหนี้_(Dis).rpt","A28E6BACF19BA52E18588B9C2B2EF8B314F08E57C9556F387A49F1832D732BA6"
"1.AR_Credit Memo_ใบลดหนี้_(Batch_Serial) (Dis).rpt","D6602D7DBBF9DA911366359E4FAD98A38488A4B594A90E1F78E6C1139940AC2B"
"1.AR_Credit Memo_ใบลดหนี้_ENG (Batch_Serial) (Dis).rpt","4CA5020330CBE45B2B99C35772DBD8D3B134F8D8C2E58D502D67E5899D2B03C8"
"1.Delivery_ใบส่งของ_(Batch_Serial).rpt","C820F8842F8AEF54453116E8F1BF3A95A8D3E68E3DB2638694FB5C9D96903A23"
"1.Delivery_ใบส่งของ_Eng (Batch_Serial).rpt","EF06D0B908C53A3B84ABFACF054CBBD5DBFC08FCEACC775678BCE04B30291546"
"1.Goods Issue_ใบเบิกสินค้า_(Batch_Serial).rpt","C7336A5599FBE4E10D2412C55EE633FD65A4DC157C6A7731E61666F7066A6A39"
"1.Goods Issue_ใบเบิกสินค้า_ENG (Batch_Serial).rpt","B9173CC41B34F5A987F51114C4261A81EA64416A41D8F61D8C9A913E50341EA4"
"1.Goods Receipt_ENG ใบรับสินค้า_(Batch_Serial).rpt","E40AEC37E6BCB3BC7FF84238A4F708933FB493780A46430EB68BDEAEF5C9A513"
"1.Goods Receipt_ใบรับสินค้า_(Batch_Serial).rpt","EA572DF98AF42690823E7EC052BD1DF2F625EF6D176697F23F8CE165C84ED87B"
"1.Goods Reciept PO_TH_ใบรับสินค้า_(Batch_Serial).rpt","6854215BD8539B32D14964BC2384D46A77DB755B10FAE8DE09696051B4409F1C"
"1.Goods Return_TH_ใบส่งคืนสินค้า_(Batch_Serial).rpt","9BC01B630CC90384AED4681021655090664B3435E095DD18F6A2460F558ADF5E"
"1.Incoming Payments_Eng ใบเสร็จรับเงิน.rpt","BE0B5042F1650BB114592F44901B9B90F07B7E1AF792B447A2080BA39180FF5A"
"1.Incoming Payments_ใบเสร็จรับเงิน.rpt","15FB32FD1AE2D59B52C64AF112CB498809F970F6BB5CEF5076BC293D92C3C21F"
"1.Inventory Counting_ใบตรวจนับสินค้า_Befor.rpt","FE22D11CA004FABAB3B9947DFD72A986B896E2BCB314F30F589722F1634FA823"
"1.Inventory Transfer Request_ใบขอโอนสินค้า.rpt","D1B225736EB136ACE784025DF355D35D1EBBB73BE92E03612C40465DB8A1AC01"
"1.Inventory Transfer_ใบโอนสินค้า.rpt","AB289E78A51A2FE5F969A73A7C374DCEC9B8AA31CF321C3A38376ACEB4B42BBC"
"1.Inventory Transfer_ใบโอนสินค้า_TH_(Batch_Serial).rpt","41DBB409911C14218DA46B3746C1608D76A24980CA5EFDE0C9C90508ECC0D3B4"
"1.Issue for Production_ใบเบิกวัตถุดิบเพื่อการผลิต_(Batch_Serial).rpt","6D9DF253D5A6ECF7CE36A3CEDF5B295566E5168A91FA38037E14E6F120EDC87D"
"1.Journal Entry_ใบบันทึกรายการบัญชี.rpt","36CD5174489EDA5C5FF3A26CCA881BF0BFF9C935A7034BE417ABEFC064D5DDEA"
"1.Landed Costs_ใบปรับราคาต้นทุนสินค้า.rpt","06AFCAF556F6D52FAC8BA4CE6C9DE98860B04E66D0B01908008824A73AF7C374"
"1.Outgoing Payments_ENG ใบจ่ายชำระ.rpt","635E62157F03BD5546D417993920584DE8813F82920566CEBCAA9C56285B8E47"
"1.Outgoing Payments_ใบจ่ายชำระ.rpt","52F29856C3DD98438C162B02DDAEDFED5E138EFEF211A60BADAF78627FC6AF9E"
"1.Production Order_ใบสั่งผลิต.rpt","3D2218DCF964F6C724D28AE4706FDCBA4B589751A71F2F1ABFECAA7CEE9217C7"
"1.Purchase Order_ENG_ใบสั่งซื้อ.rpt","3DD1266907F2082843225DA1CD98F3BAA475808B2AB38C6ED91A1430FED33A2B"
"1.Purchase Order_TH_ใบสั่งซื้อ.rpt","7A47F0B56FA4D6DE2DCBC300A7BE450979997D20DBA8380928F3FA59B66DC483"
"1.Purchase Quotation_ใบเสนอราคาซื้อ.rpt","F7421C09689BBF75C91A87AD359F474B95A4EAECAE460974DD0641CFE1B90E9E"
"1.Purchase Request_TH_ใบขอซื้อ.rpt","AAF18EE0C16BD808D443ED1E74AB457D420F6845A89153E83967A2F346BCEFFD"
"1.Receipt from Production_ใบรับสินค้าจากการผลิต_(Batch_Serial).rpt","966D74475352B1915946D31FA6823483B526764EDEF007062E04166AFB998F5B"
"1.Retrun_ใบรับคืนสินค้า_(Batch_Serial).rpt","D1D09B920CDF399D78750D15C35503C1FFCADB5FDB291DE5C6BCE04E6BE67EDC"
"1.Retrun_ใบรับคืนสินค้า_ENG (Batch_Serial).rpt","216EDE48920AA0CA8B4094B13CF9A4A7E5DB2061B6CEE870672014229C4464AB"
"1.Sale Order_ใบสั่งขาย_(Dis).rpt","9EA8B8BEF1167FB6E985DCD20958D7795FA3B45ADF7B006112875E40A160AADE"
"1.Sale Quotation_ใบเสนอราคาขาย_(BOM) ENG.rpt","A5DF1A9B0E6E677F9903636D5EB540ACBA397197220D9D0A518B91E54CF6DFCD"
"1.Sale Quotation_ใบเสนอราคาขาย_(Bom).rpt","EF3FAF6E56D03E1D9E54E328A7557A9EBD3B465510A8AB2CA733A19067985D0E"
"2.AP Down Payment Invoice_ENG ใบจ่ายเงินมัดจำใบกำกับภาษี.rpt","09CB00AEA3278863BFD869128C16BC84E836C29B0726051E0C9AEC8A0633048F"
"2.AP Down Payment Invoice_ใบจ่ายเงินมัดจำใบกำกับภาษี.rpt","B2A553FDD20696C913A3D41867DFC9AD57DA0781C5869486B967C1108D2C1989"
"2.AR Down PaymentTax Invoice_BOM ใบเสร็จรับเงินมัดจำใบกำกับภาษี.rpt","B57F4C625EE5AA77454FAC299AEA0D5B315A6D005E848FB0BA7F16AEF34F77C0"
"2.AR Down PaymentTax Invoice_BOM_ENG ใบเสร็จรับเงินมัดจำใบกำกับภาษี.rpt","77F76C4ADB9F34FEC62B700D49E1EDEDEA11DF70C7480EF8BE8786F5F98B2F79"
"2.AR Down PaymentTax Invoice_Dis ใบเสร็จรับเงินมัดจำใบกำกับภาษี.rpt","6982B8FD206291B7A234CE1E892E6C0E9BA23EBCDAD9B755838D104D9ECF7215"
"2.AR Down PaymentTax Invoice_Dis_ENG ใบเสร็จรับเงินมัดจำใบกำกับภาษี.rpt","9E9A7314B84B661EC1EF9F47432230ECDE72D54535E53F154D49153954BCEF76"
"2.BillingAR InvoiceTax Invoice_ENG ใบวางบิลใบแจ้งหนี้ใบกำกับภาษี (Bom).rpt","4D5F8F5A048AE047096F86FFB557326BEDE6FF456261A7605D03F0AF4CAE6F49"
"2.BillingAR InvoiceTax Invoice_ENG ใบวางบิลใบแจ้งหนี้ใบกำกับภาษี (Dis).rpt","46B510C050D69CF898E71ACE3D52160FA8498DA82E893F10E2B83F2FBDC6A835"
"2.BillingAR InvoiceTax Invoice_ใบวางบิลใบแจ้งหนี้ใบกำกับภาษี (Bom).rpt","879C7F56E47A4C59733EEE79BF4749793A5B8E9DE26492FF3CD9DD8909CD47D0"
"2.BillingAR InvoiceTax Invoice_ใบวางบิลใบแจ้งหนี้ใบกำกับภาษี (Dis).rpt","3B27DA71E2C46D01749E161543910674C6004D7E8D3A6BB6199D494C73772410"
"2.Incoming Payments_ ENG ใบเสร็จรับเงินใบกำกับภาษี.rpt","4F02FCCB3DEEFCC34AAA4364C4BD10FBAD3C59D0EA5CD54F7AF8BF571DCD8C94"
"2.Incoming Payments_ใบเสร็จรับเงินใบกำกับภาษี.rpt","F8D56925E85DC7DFF31BF8BBE91CC3F2BD8C7EE7E75D497CAACE598D0ED066E2"
"2.Inventory Counting_ใบหลังตรวจนับสินค้า_After.rpt","AB835D017970836D66AB00548ACFD7F703A805E01BE6BC343204F8EF101CF128"
"2.Sale Order_ใบสั่งขาย_(Bom).rpt","D020F43FE5B39D5607A56749933488AA38D741280081AC92ACF7446DF174893B"
"2.Sale Quotation_ใบเสนอราคาขาย_(Dis) ENG.rpt","33CADBED74BC97F71810E0D8F0529F16C00246D6556CE5593192B3DF78831DD0"
"2.Sale Quotation_ใบเสนอราคาขาย_(Dis).rpt","D1D5CFFBFC373EB2FA5D5F5E094C13F9A0DE2B0799A1BDEEBB1840B4DF49ECF0"
"3.AR Down Payment Invoice_BOM ใบแจ้งหนี้เงินค่ามัดจำใบกำกับภาษี.rpt","92F89E38D16353EA276D882E7670593FDC72A7BC534E3EDD66B5F669B9308598"
"3.AR Down Payment Invoice_Dis ใบแจ้งหนี้เงินค่ามัดจำใบกำกับภาษี.rpt","7EAABBE6041EB3CD1BE60A253796F6B76D0A03CBF509A26A54CB4CF4995276B6"
"3.AR Down PaymentTax Invoice_BOM_ENG ใบแจ้งหนี้เงินค่ามัดจำใบกำกับภาษี.rpt","F52F4A30291CB23530A1A86DCEDB2FAC1999C679DBFFAC46D6A30F1DD05A1BAD"
"3.AR Down PaymentTax Invoice_Dis_ENG ใบแจ้งหนี้เงินค่ามัดจำใบกำกับภาษี.rpt","7DEBE7E4AECDE8DF7952C40D9010C392961900A163F4A38601827154F9E77028"
"3.BillingAR Invoice_ENG ใบวางบิลใบแจ้งหนี้ (Bom).rpt","5BD7D4D0A98FEB5F2DE04B975A450BE0335D3849C7BA6D6BB6FB42B1D4B64532"
"3.BillingAR Invoice_ENG ใบวางบิลใบแจ้งหนี้ (Dis).rpt","4C7FF5BC573AA04419AB45343CD5E62D61110A7AA65C862E9B78275C7300F618"
"3.BillingAR Invoice_ใบวางบิลใบแจ้งหนี้ (Bom).rpt","BEFEC2B28D893D4AD3FBEA587D390138F084336B6A11562F8C8A210DE6020AB0"
"3.BillingAR Invoice_ใบวางบิลใบแจ้งหนี้ (Dis).rpt","421C7CC2E3D875D6177CAC12EBB3840D6B6ECDF3E6F34A84597BBACBA4E297F4"
"4.AR Invoice_ENG ใบแจ้งหนี้ใบกำกับภาษี_(BOM).rpt","1C468C89DE19D206592ACA33519AFCB95F199D8481780DDC123C9A6D38000D0D"
"4.AR Invoice_ENG ใบแจ้งหนี้ใบกำกับภาษี_(Dis).rpt","9256F34E4C3348FA0E7954BC5710CF11EA74803E6AE28B135C98942D19449AB6"
"4.AR Invoice_ใบแจ้งหนี้ใบแจ้งหนี้ใบกำกับภาษี_(BOM).rpt","05275D6DB72E99CF589328F54E6049266760DC1530056EF6CCED7D9FF14E2ADA"
"4.AR Invoice_ใบแจ้งหนี้ใบแจ้งหนี้ใบกำกับภาษี_(Dis).rpt","AF0996D2B94E8A1373F6A0AD2184B7F32231B2E6D71E4CA0037C8749E8FED169"
"Attachment of P.N.D.3 v28.rpt","317216148C2010050C79114974E70B19A6D130731ED7E7E055434CC011CD9DB3"
"Attachment of P.N.D.53 v28.rpt","04C4B33E779D34105FABD0DD640D8AEBF9FE795B60995C1CA20A8501B97E6816"
"Attachment of PP30 v28.rpt","BAC4D5F939EF72A254B547D022B5DC4D6DBF9E473AE6491A18B99F2DB2F86C8D"
"Tax Report v25.rpt","8199AE6FCD53622FEE6B21AB45CD2012235C9A512468999D603DA3FF28A53C4D"
"Value Added Tax Return under the Revenue Code (P.P.30) v28.rpt","53D82A5387441207AF290F22F78FA1F79B75A707B7981823A06BB34EC762ADAA"
"Withholding Income Tax Return (P.N.D.3)v28.rpt","1B36019E1F96BEAB95A66A3D205DED99AD5787B77F67F04E042BFDDD6C3BBDD2"
"Withholding Tax certificate (03) v28.rpt","7B07ACEA2D8C4FDF24E1C2E628881556BE43F4841AFBF5E66D9A96BE23431E98"
"Withholding Tax certificate (53) v28.rpt","D47A568A1073EF7B4E1C84CA0AB7A7F6D4EF90D76F9423968FF54780474E5A1D"
"Withholding Tax certificate (53) v28_A0070001.rpt","0C4CA4224D059CB13A77D94DE97608914DEEF91FE12397FC92AC5A79BA22D88A"
