"File","Group","ObjType","Table","DocKey","ObjectId","Source","Note"
"1.AP Credit Memo_ใบลดหนี้.rpt","Form","19","ORPC","-1","19","none","ORPC empty, no draft"
"1.AP Down Payment_ENG ใบจ่ายเงินมัดจำ.rpt","Form","204","ODPO","-1","204","none","ODPO empty, no draft"
"1.AP Down Payment_ใบจ่ายเงินมัดจำ.rpt","Form","204","ODPO","-1","204","none","ODPO empty, no draft"
"1.AP Invoice_ใบแจ้งหนี้_(Batch_Serial).rpt","Form","18","OPCH","-1","18","none","OPCH empty, no draft"
"1.AR Down Payment_BOM ใบเสร็จรับเงินมัดจำ.rpt","Form","203","ODPI","-1","203","none","ODPI empty, no draft"
"1.AR Down Payment_BOM_ENG ใบเสร็จรับเงินมัดจำ.rpt","Form","203","ODPI","-1","203","none","ODPI empty, no draft"
"1.AR Down Payment_Dis ใบเสร็จรับเงินมัดจำ.rpt","Form","203","ODPI","-1","203","none","ODPI empty, no draft"
"1.AR Down Payment_Dis_ENG ใบเสร็จรับเงินมัดจำ.rpt","Form","203","ODPI","-1","203","none","ODPI empty, no draft"
"1.AR Invoice_ENG ใบแจ้งหนี้_(Bom).rpt","Form","13","OINV","-1","13","none","OINV empty, no draft"
"1.AR Invoice_ENG ใบแจ้งหนี้_(Dis).rpt","Form","13","OINV","-1","13","none","OINV empty, no draft"
"1.AR Invoice_ใบแจ้งหนี้_(Bom).rpt","Form","13","OINV","-1","13","none","OINV empty, no draft"
"1.AR Invoice_ใบแจ้งหนี้_(Dis).rpt","Form","13","OINV","-1","13","none","OINV empty, no draft"
"1.AR_Credit Memo_ใบลดหนี้_(Batch_Serial) (Dis).rpt","Form","14","ORIN","-1","14","none","ORIN empty, no draft"
"1.AR_Credit Memo_ใบลดหนี้_ENG (Batch_Serial) (Dis).rpt","Form","14","ORIN","-1","14","none","ORIN empty, no draft"
"1.Delivery_ใบส่งของ_(Batch_Serial).rpt","Form","15","ODLN","-1","15","none","ODLN empty, no draft"
"1.Delivery_ใบส่งของ_Eng (Batch_Serial).rpt","Form","15","ODLN","-1","15","none","ODLN empty, no draft"
"1.Goods Issue_ใบเบิกสินค้า_(Batch_Serial).rpt","Form","60","OIGE","-1","60","none","OIGE empty, no draft"
"1.Goods Issue_ใบเบิกสินค้า_ENG (Batch_Serial).rpt","Form","60","OIGE","-1","60","none","OIGE empty, no draft"
"1.Goods Receipt_ENG ใบรับสินค้า_(Batch_Serial).rpt","Form","59","OIGN","-1","59","none","OIGN empty, no draft"
"1.Goods Receipt_ใบรับสินค้า_(Batch_Serial).rpt","Form","59","OIGN","-1","59","none","OIGN empty, no draft"
"1.Goods Reciept PO_TH_ใบรับสินค้า_(Batch_Serial).rpt","Form","20","OPDN","-1","20","none","OPDN empty, no draft"
"1.Goods Return_TH_ใบส่งคืนสินค้า_(Batch_Serial).rpt","Form","21","ORPD","-1","21","none","ORPD empty, no draft"
"1.Incoming Payments_Eng ใบเสร็จรับเงิน.rpt","Form","24","ORCT","-1","24","none","ORCT empty, no draft"
"1.Incoming Payments_ใบเสร็จรับเงิน.rpt","Form","24","ORCT","-1","24","none","ORCT empty, no draft"
"1.Inventory Counting_ใบตรวจนับสินค้า_Befor.rpt","Form","1470000065","OINC","-1","1470000065","none","OINC empty, no draft"
"1.Inventory Transfer Request_ใบขอโอนสินค้า.rpt","Form","1250000001","OWTQ","-1","1250000001","none","OWTQ empty, no draft"
"1.Inventory Transfer_ใบโอนสินค้า.rpt","Form","67","OWTR","-1","67","none","OWTR empty, no draft"
"1.Inventory Transfer_ใบโอนสินค้า_TH_(Batch_Serial).rpt","Form","67","OWTR","-1","67","none","OWTR empty, no draft"
"1.Issue for Production_ใบเบิกวัตถุดิบเพื่อการผลิต_(Batch_Serial).rpt","Form","60","OIGE","-1","60","none","OIGE empty, no draft"
"1.Journal Entry_ใบบันทึกรายการบัญชี.rpt","Form","30","OJDT","4","30","real",""
"1.Landed Costs_ใบปรับราคาต้นทุนสินค้า.rpt","Form","69","OIPF","-1","69","none","OIPF empty, no draft"
"1.Outgoing Payments_ENG ใบจ่ายชำระ.rpt","Form","46","OVPM","-1","46","none","OVPM empty, no draft"
"1.Outgoing Payments_ใบจ่ายชำระ.rpt","Form","46","OVPM","-1","46","none","OVPM empty, no draft"
"1.Production Order_ใบสั่งผลิต.rpt","Form","202","OWOR","-1","202","none","OWOR empty, no draft"
"1.Purchase Order_ENG_ใบสั่งซื้อ.rpt","Form","22","OPOR","2","112","draft","OPOR empty -- using draft ODRF"
"1.Purchase Order_TH_ใบสั่งซื้อ.rpt","Form","22","OPOR","2","112","draft","OPOR empty -- using draft ODRF"
"1.Purchase Quotation_ใบเสนอราคาซื้อ.rpt","Form","540000006","OPQT","-1","540000006","none","OPQT empty, no draft"
"1.Purchase Request_TH_ใบขอซื้อ.rpt","Form","1470000113","OPRQ","2","1470000113","real",""
"1.Receipt from Production_ใบรับสินค้าจากการผลิต_(Batch_Serial).rpt","Form","59","OIGN","-1","59","none","OIGN empty, no draft"
"1.Retrun_ใบรับคืนสินค้า_(Batch_Serial).rpt","Form","16","ORDN","-1","16","none","ORDN empty, no draft"
"1.Retrun_ใบรับคืนสินค้า_ENG (Batch_Serial).rpt","Form","16","ORDN","-1","16","none","ORDN empty, no draft"
"1.Sale Order_ใบสั่งขาย_(Dis).rpt","Form","17","ORDR","7","17","real",""
"1.Sale Quotation_ใบเสนอราคาขาย_(BOM) ENG.rpt","Form","23","OQUT","16","23","real",""
"1.Sale Quotation_ใบเสนอราคาขาย_(Bom).rpt","Form","23","OQUT","16","23","real",""
"2.AP Down Payment Invoice_ENG ใบจ่ายเงินมัดจำใบกำกับภาษี.rpt","Form","204","ODPO","-1","204","none","ODPO empty, no draft"
"2.AP Down Payment Invoice_ใบจ่ายเงินมัดจำใบกำกับภาษี.rpt","Form","204","ODPO","-1","204","none","ODPO empty, no draft"
"2.AR Down PaymentTax Invoice_BOM ใบเสร็จรับเงินมัดจำใบกำกับภาษี.rpt","Form","203","ODPI","-1","203","none","ODPI empty, no draft"
"2.AR Down PaymentTax Invoice_BOM_ENG ใบเสร็จรับเงินมัดจำใบกำกับภาษี.rpt","Form","203","ODPI","-1","203","none","ODPI empty, no draft"
"2.AR Down PaymentTax Invoice_Dis ใบเสร็จรับเงินมัดจำใบกำกับภาษี.rpt","Form","203","ODPI","-1","203","none","ODPI empty, no draft"
"2.AR Down PaymentTax Invoice_Dis_ENG ใบเสร็จรับเงินมัดจำใบกำกับภาษี.rpt","Form","203","ODPI","-1","203","none","ODPI empty, no draft"
"2.BillingAR InvoiceTax Invoice_ENG ใบวางบิลใบแจ้งหนี้ใบกำกับภาษี (Bom).rpt","Form","13","OINV","-1","13","none","OINV empty, no draft"
"2.BillingAR InvoiceTax Invoice_ENG ใบวางบิลใบแจ้งหนี้ใบกำกับภาษี (Dis).rpt","Form","13","OINV","-1","13","none","OINV empty, no draft"
"2.BillingAR InvoiceTax Invoice_ใบวางบิลใบแจ้งหนี้ใบกำกับภาษี (Bom).rpt","Form","13","OINV","-1","13","none","OINV empty, no draft"
"2.BillingAR InvoiceTax Invoice_ใบวางบิลใบแจ้งหนี้ใบกำกับภาษี (Dis).rpt","Form","13","OINV","-1","13","none","OINV empty, no draft"
"2.Incoming Payments_ ENG ใบเสร็จรับเงินใบกำกับภาษี.rpt","Form","24","ORCT","-1","24","none","ORCT empty, no draft"
"2.Incoming Payments_ใบเสร็จรับเงินใบกำกับภาษี.rpt","Form","24","ORCT","-1","24","none","ORCT empty, no draft"
"2.Inventory Counting_ใบหลังตรวจนับสินค้า_After.rpt","Form","1470000065","OINC","-1","1470000065","none","OINC empty, no draft"
"2.Sale Order_ใบสั่งขาย_(Bom).rpt","Form","17","ORDR","7","17","real",""
"2.Sale Quotation_ใบเสนอราคาขาย_(Dis) ENG.rpt","Form","23","OQUT","16","23","real",""
"2.Sale Quotation_ใบเสนอราคาขาย_(Dis).rpt","Form","23","OQUT","16","23","real",""
"3.AR Down Payment Invoice_BOM ใบแจ้งหนี้เงินค่ามัดจำใบกำกับภาษี.rpt","Form","203","ODPI","-1","203","none","ODPI empty, no draft"
"3.AR Down Payment Invoice_Dis ใบแจ้งหนี้เงินค่ามัดจำใบกำกับภาษี.rpt","Form","203","ODPI","-1","203","none","ODPI empty, no draft"
"3.AR Down PaymentTax Invoice_BOM_ENG ใบแจ้งหนี้เงินค่ามัดจำใบกำกับภาษี.rpt","Form","203","ODPI","-1","203","none","ODPI empty, no draft"
"3.AR Down PaymentTax Invoice_Dis_ENG ใบแจ้งหนี้เงินค่ามัดจำใบกำกับภาษี.rpt","Form","203","ODPI","-1","203","none","ODPI empty, no draft"
"3.BillingAR Invoice_ENG ใบวางบิลใบแจ้งหนี้ (Bom).rpt","Form","13","OINV","-1","13","none","OINV empty, no draft"
"3.BillingAR Invoice_ENG ใบวางบิลใบแจ้งหนี้ (Dis).rpt","Form","13","OINV","-1","13","none","OINV empty, no draft"
"3.BillingAR Invoice_ใบวางบิลใบแจ้งหนี้ (Bom).rpt","Form","13","OINV","-1","13","none","OINV empty, no draft"
"3.BillingAR Invoice_ใบวางบิลใบแจ้งหนี้ (Dis).rpt","Form","13","OINV","-1","13","none","OINV empty, no draft"
"4.AR Invoice_ENG ใบแจ้งหนี้ใบกำกับภาษี_(BOM).rpt","Form","13","OINV","-1","13","none","OINV empty, no draft"
"4.AR Invoice_ENG ใบแจ้งหนี้ใบกำกับภาษี_(Dis).rpt","Form","13","OINV","-1","13","none","OINV empty, no draft"
"4.AR Invoice_ใบแจ้งหนี้ใบแจ้งหนี้ใบกำกับภาษี_(BOM).rpt","Form","13","OINV","-1","13","none","OINV empty, no draft"
"4.AR Invoice_ใบแจ้งหนี้ใบแจ้งหนี้ใบกำกับภาษี_(Dis).rpt","Form","13","OINV","-1","13","none","OINV empty, no draft"
"Attachment of P.N.D.3 v28.rpt","Tax","TransId","JDT1+@SLDT_SET_ACCWH","4","","wht-acct","latest JE on WHT account (OVPM/OPCH/PCH5/VPM6 are empty)"
"Attachment of P.N.D.53 v28.rpt","Tax","TransId","JDT1+@SLDT_SET_ACCWH","4","","wht-acct","latest JE on WHT account (OVPM/OPCH/PCH5/VPM6 are empty)"
"Attachment of PP30 v28.rpt","Tax","SubmitDate","@SLDT_TS_TST","202608","","none","@SLDT_TS_TST empty -- smoke with last month"
"Tax Report v25.rpt","Tax","TaxType+DocNum","@SLDT_RT_TST","''","","none","@SLDT_RT_TST empty -- smoke with empty IN list"
"Value Added Tax Return under the Revenue Code (P.P.30) v28.rpt","Tax","SubmitDate","@SLDT_TS_TST","202608","","none","@SLDT_TS_TST empty -- smoke with last month"
"Withholding Income Tax Return (P.N.D.3)v28.rpt","Tax","TransId","JDT1+@SLDT_SET_ACCWH","4","","wht-acct","latest JE on WHT account (OVPM/OPCH/PCH5/VPM6 are empty)"
"Withholding Tax certificate (03) v28.rpt","Tax","TransId","JDT1+@SLDT_SET_ACCWH","4","","wht-acct","latest JE on WHT account (OVPM/OPCH/PCH5/VPM6 are empty)"
"Withholding Tax certificate (53) v28.rpt","Tax","TransId","JDT1+@SLDT_SET_ACCWH","4","","wht-acct","latest JE on WHT account (OVPM/OPCH/PCH5/VPM6 are empty)"
"Withholding Tax certificate (53) v28_A0070001.rpt","Tax","TransId","JDT1+@SLDT_SET_ACCWH","4","","wht-acct","latest JE on WHT account (OVPM/OPCH/PCH5/VPM6 are empty)"
